Dato,Event,Aldersgruppe,Region,Nye indlagte,Kumulative nye indlagte,Indlagte per dag
15-02-2020,Hospitalised,0-59,Nordjylland,0,0,0
15-02-2020,Hospitalised,60+,Nordjylland,0,0,0
15-02-2020,Hospitalised,0-59,Midtjylland,0,0,0
15-02-2020,Hospitalised,60+,Midtjylland,0,0,0
15-02-2020,Hospitalised,0-59,Syddanmark,0,0,0
15-02-2020,Hospitalised,60+,Syddanmark,0,0,0
15-02-2020,Hospitalised,0-59,Hovedstaden,0,0,0
15-02-2020,Hospitalised,60+,Hovedstaden,0,0,0
15-02-2020,Hospitalised,0-59,Zealand,0,0,0
15-02-2020,Hospitalised,60+,Zealand,0,0,0
16-02-2020,Hospitalised,0-59,Nordjylland,0,0,0
16-02-2020,Hospitalised,60+,Nordjylland,0,0,0
16-02-2020,Hospitalised,0-59,Midtjylland,0,0,0
16-02-2020,Hospitalised,60+,Midtjylland,0,0,0
16-02-2020,Hospitalised,0-59,Syddanmark,0,0,0
16-02-2020,Hospitalised,60+,Syddanmark,0,0,0
16-02-2020,Hospitalised,0-59,Hovedstaden,0,0,0
16-02-2020,Hospitalised,60+,Hovedstaden,0,0,0
16-02-2020,Hospitalised,0-59,Zealand,0,0,0
16-02-2020,Hospitalised,60+,Zealand,0,0,0
17-02-2020,Hospitalised,0-59,Nordjylland,0,0,0
17-02-2020,Hospitalised,60+,Nordjylland,0,0,0
17-02-2020,Hospitalised,0-59,Midtjylland,0,0,0
17-02-2020,Hospitalised,60+,Midtjylland,0,0,0
17-02-2020,Hospitalised,0-59,Syddanmark,0,0,0
17-02-2020,Hospitalised,60+,Syddanmark,0,0,0
17-02-2020,Hospitalised,0-59,Hovedstaden,0,0,0
17-02-2020,Hospitalised,60+,Hovedstaden,0,0,0
17-02-2020,Hospitalised,0-59,Zealand,0,0,0
17-02-2020,Hospitalised,60+,Zealand,0,0,0
18-02-2020,Hospitalised,0-59,Nordjylland,0,0,0
18-02-2020,Hospitalised,60+,Nordjylland,0,0,0
18-02-2020,Hospitalised,0-59,Midtjylland,0,0,0
18-02-2020,Hospitalised,60+,Midtjylland,0,0,0
18-02-2020,Hospitalised,0-59,Syddanmark,0,0,0
18-02-2020,Hospitalised,60+,Syddanmark,0,0,0
18-02-2020,Hospitalised,0-59,Hovedstaden,0,0,0
18-02-2020,Hospitalised,60+,Hovedstaden,0,0,0
18-02-2020,Hospitalised,0-59,Zealand,0,0,0
18-02-2020,Hospitalised,60+,Zealand,0,0,0
19-02-2020,Hospitalised,0-59,Nordjylland,0,0,0
19-02-2020,Hospitalised,60+,Nordjylland,0,0,0
19-02-2020,Hospitalised,0-59,Midtjylland,0,0,0
19-02-2020,Hospitalised,60+,Midtjylland,0,0,0
19-02-2020,Hospitalised,0-59,Syddanmark,0,0,0
19-02-2020,Hospitalised,60+,Syddanmark,0,0,0
19-02-2020,Hospitalised,0-59,Hovedstaden,0,0,0
19-02-2020,Hospitalised,60+,Hovedstaden,0,0,0
19-02-2020,Hospitalised,0-59,Zealand,0,0,0
19-02-2020,Hospitalised,60+,Zealand,0,0,0
20-02-2020,Hospitalised,0-59,Nordjylland,0,0,0
20-02-2020,Hospitalised,60+,Nordjylland,0,0,0
20-02-2020,Hospitalised,0-59,Midtjylland,0,0,0
20-02-2020,Hospitalised,60+,Midtjylland,0,0,0
20-02-2020,Hospitalised,0-59,Syddanmark,0,0,0
20-02-2020,Hospitalised,60+,Syddanmark,0,0,0
20-02-2020,Hospitalised,0-59,Hovedstaden,0,0,0
20-02-2020,Hospitalised,60+,Hovedstaden,0,0,0
20-02-2020,Hospitalised,0-59,Zealand,0,0,0
20-02-2020,Hospitalised,60+,Zealand,0,0,0
21-02-2020,Hospitalised,0-59,Nordjylland,0,0,0
21-02-2020,Hospitalised,60+,Nordjylland,0,0,0
21-02-2020,Hospitalised,0-59,Midtjylland,0,0,0
21-02-2020,Hospitalised,60+,Midtjylland,0,0,0
21-02-2020,Hospitalised,0-59,Syddanmark,0,0,0
21-02-2020,Hospitalised,60+,Syddanmark,0,0,0
21-02-2020,Hospitalised,0-59,Hovedstaden,0,0,0
21-02-2020,Hospitalised,60+,Hovedstaden,0,0,0
21-02-2020,Hospitalised,0-59,Zealand,0,0,0
21-02-2020,Hospitalised,60+,Zealand,0,0,0
22-02-2020,Hospitalised,0-59,Nordjylland,0,0,0
22-02-2020,Hospitalised,60+,Nordjylland,0,0,0
22-02-2020,Hospitalised,0-59,Midtjylland,0,0,0
22-02-2020,Hospitalised,60+,Midtjylland,0,0,0
22-02-2020,Hospitalised,0-59,Syddanmark,0,0,0
22-02-2020,Hospitalised,60+,Syddanmark,0,0,0
22-02-2020,Hospitalised,0-59,Hovedstaden,0,0,0
22-02-2020,Hospitalised,60+,Hovedstaden,0,0,0
22-02-2020,Hospitalised,0-59,Zealand,0,0,0
22-02-2020,Hospitalised,60+,Zealand,0,0,0
23-02-2020,Hospitalised,0-59,Nordjylland,0,0,0
23-02-2020,Hospitalised,60+,Nordjylland,0,0,0
23-02-2020,Hospitalised,0-59,Midtjylland,0,0,0
23-02-2020,Hospitalised,60+,Midtjylland,0,0,0
23-02-2020,Hospitalised,0-59,Syddanmark,0,0,0
23-02-2020,Hospitalised,60+,Syddanmark,0,0,0
23-02-2020,Hospitalised,0-59,Hovedstaden,0,0,0
23-02-2020,Hospitalised,60+,Hovedstaden,0,0,0
23-02-2020,Hospitalised,0-59,Zealand,0,0,0
23-02-2020,Hospitalised,60+,Zealand,0,0,0
24-02-2020,Hospitalised,0-59,Nordjylland,0,0,0
24-02-2020,Hospitalised,60+,Nordjylland,0,0,0
24-02-2020,Hospitalised,0-59,Midtjylland,0,0,0
24-02-2020,Hospitalised,60+,Midtjylland,0,0,0
24-02-2020,Hospitalised,0-59,Syddanmark,0,0,0
24-02-2020,Hospitalised,60+,Syddanmark,0,0,0
24-02-2020,Hospitalised,0-59,Hovedstaden,0,0,0
24-02-2020,Hospitalised,60+,Hovedstaden,0,0,0
24-02-2020,Hospitalised,0-59,Zealand,0,0,0
24-02-2020,Hospitalised,60+,Zealand,0,0,0
25-02-2020,Hospitalised,0-59,Nordjylland,0,0,0
25-02-2020,Hospitalised,60+,Nordjylland,0,0,0
25-02-2020,Hospitalised,0-59,Midtjylland,0,0,0
25-02-2020,Hospitalised,60+,Midtjylland,0,0,0
25-02-2020,Hospitalised,0-59,Syddanmark,0,0,0
25-02-2020,Hospitalised,60+,Syddanmark,0,0,0
25-02-2020,Hospitalised,0-59,Hovedstaden,0,0,0
25-02-2020,Hospitalised,60+,Hovedstaden,0,0,0
25-02-2020,Hospitalised,0-59,Zealand,0,0,0
25-02-2020,Hospitalised,60+,Zealand,0,0,0
26-02-2020,Hospitalised,0-59,Nordjylland,0,0,0
26-02-2020,Hospitalised,60+,Nordjylland,0,0,0
26-02-2020,Hospitalised,0-59,Midtjylland,0,0,0
26-02-2020,Hospitalised,60+,Midtjylland,0,0,0
26-02-2020,Hospitalised,0-59,Syddanmark,0,0,0
26-02-2020,Hospitalised,60+,Syddanmark,0,0,0
26-02-2020,Hospitalised,0-59,Hovedstaden,0,0,0
26-02-2020,Hospitalised,60+,Hovedstaden,0,0,0
26-02-2020,Hospitalised,0-59,Zealand,0,0,0
26-02-2020,Hospitalised,60+,Zealand,0,0,0
27-02-2020,Hospitalised,0-59,Nordjylland,0,0,0
27-02-2020,Hospitalised,60+,Nordjylland,0,0,0
27-02-2020,Hospitalised,0-59,Midtjylland,0,0,0
27-02-2020,Hospitalised,60+,Midtjylland,0,0,0
27-02-2020,Hospitalised,0-59,Syddanmark,0,0,0
27-02-2020,Hospitalised,60+,Syddanmark,0,0,0
27-02-2020,Hospitalised,0-59,Hovedstaden,0,0,0
27-02-2020,Hospitalised,60+,Hovedstaden,0,0,0
27-02-2020,Hospitalised,0-59,Zealand,0,0,0
27-02-2020,Hospitalised,60+,Zealand,0,0,0
28-02-2020,Hospitalised,0-59,Nordjylland,0,0,0
28-02-2020,Hospitalised,60+,Nordjylland,0,0,0
28-02-2020,Hospitalised,0-59,Midtjylland,0,0,0
28-02-2020,Hospitalised,60+,Midtjylland,0,0,0
28-02-2020,Hospitalised,0-59,Syddanmark,0,0,0
28-02-2020,Hospitalised,60+,Syddanmark,0,0,0
28-02-2020,Hospitalised,0-59,Hovedstaden,0,0,0
28-02-2020,Hospitalised,60+,Hovedstaden,0,0,0
28-02-2020,Hospitalised,0-59,Zealand,0,0,0
28-02-2020,Hospitalised,60+,Zealand,0,0,0
29-02-2020,Hospitalised,0-59,Nordjylland,0,0,0
29-02-2020,Hospitalised,60+,Nordjylland,0,0,0
29-02-2020,Hospitalised,0-59,Midtjylland,0,0,0
29-02-2020,Hospitalised,60+,Midtjylland,0,0,0
29-02-2020,Hospitalised,0-59,Syddanmark,0,0,0
29-02-2020,Hospitalised,60+,Syddanmark,0,0,0
29-02-2020,Hospitalised,0-59,Hovedstaden,0,0,0
29-02-2020,Hospitalised,60+,Hovedstaden,0,0,0
29-02-2020,Hospitalised,0-59,Zealand,0,0,0
29-02-2020,Hospitalised,60+,Zealand,0,0,0
01-03-2020,Hospitalised,0-59,Hovedstaden,1,1,1
01-03-2020,Hospitalised,0-59,Nordjylland,0,0,0
01-03-2020,Hospitalised,60+,Nordjylland,0,0,0
01-03-2020,Hospitalised,0-59,Midtjylland,0,0,0
01-03-2020,Hospitalised,60+,Midtjylland,0,0,0
01-03-2020,Hospitalised,0-59,Syddanmark,0,0,0
01-03-2020,Hospitalised,60+,Syddanmark,0,0,0
01-03-2020,Hospitalised,60+,Hovedstaden,0,0,0
01-03-2020,Hospitalised,0-59,Zealand,0,0,0
01-03-2020,Hospitalised,60+,Zealand,0,0,0
02-03-2020,Hospitalised,0-59,Nordjylland,0,0,0
02-03-2020,Hospitalised,60+,Nordjylland,0,0,0
02-03-2020,Hospitalised,0-59,Midtjylland,0,0,0
02-03-2020,Hospitalised,60+,Midtjylland,0,0,0
02-03-2020,Hospitalised,0-59,Syddanmark,0,0,0
02-03-2020,Hospitalised,60+,Syddanmark,0,0,0
02-03-2020,Hospitalised,0-59,Hovedstaden,0,1,1
02-03-2020,Hospitalised,60+,Hovedstaden,0,0,0
02-03-2020,Hospitalised,0-59,Zealand,0,0,0
02-03-2020,Hospitalised,60+,Zealand,0,0,0
03-03-2020,Hospitalised,0-59,Hovedstaden,1,2,2
03-03-2020,Hospitalised,0-59,Nordjylland,0,0,0
03-03-2020,Hospitalised,60+,Nordjylland,0,0,0
03-03-2020,Hospitalised,0-59,Midtjylland,0,0,0
03-03-2020,Hospitalised,60+,Midtjylland,0,0,0
03-03-2020,Hospitalised,0-59,Syddanmark,0,0,0
03-03-2020,Hospitalised,60+,Syddanmark,0,0,0
03-03-2020,Hospitalised,60+,Hovedstaden,0,0,0
03-03-2020,Hospitalised,0-59,Zealand,0,0,0
03-03-2020,Hospitalised,60+,Zealand,0,0,0
04-03-2020,Hospitalised,0-59,Nordjylland,0,0,0
04-03-2020,Hospitalised,60+,Nordjylland,0,0,0
04-03-2020,Hospitalised,0-59,Midtjylland,0,0,0
04-03-2020,Hospitalised,60+,Midtjylland,0,0,0
04-03-2020,Hospitalised,0-59,Syddanmark,0,0,0
04-03-2020,Hospitalised,60+,Syddanmark,0,0,0
04-03-2020,Hospitalised,0-59,Hovedstaden,0,2,2
04-03-2020,Hospitalised,60+,Hovedstaden,0,0,0
04-03-2020,Hospitalised,0-59,Zealand,0,0,0
04-03-2020,Hospitalised,60+,Zealand,0,0,0
05-03-2020,Hospitalised,0-59,Hovedstaden,0,2,1
05-03-2020,Hospitalised,60+,Hovedstaden,1,1,1
05-03-2020,Hospitalised,0-59,Nordjylland,0,0,0
05-03-2020,Hospitalised,60+,Nordjylland,0,0,0
05-03-2020,Hospitalised,0-59,Midtjylland,0,0,0
05-03-2020,Hospitalised,60+,Midtjylland,0,0,0
05-03-2020,Hospitalised,0-59,Syddanmark,0,0,0
05-03-2020,Hospitalised,60+,Syddanmark,0,0,0
05-03-2020,Hospitalised,0-59,Zealand,0,0,0
05-03-2020,Hospitalised,60+,Zealand,0,0,0
06-03-2020,Hospitalised,60+,Hovedstaden,3,4,4
06-03-2020,Hospitalised,0-59,Zealand,1,1,1
06-03-2020,Hospitalised,0-59,Nordjylland,0,0,0
06-03-2020,Hospitalised,60+,Nordjylland,0,0,0
06-03-2020,Hospitalised,0-59,Midtjylland,0,0,0
06-03-2020,Hospitalised,60+,Midtjylland,0,0,0
06-03-2020,Hospitalised,0-59,Syddanmark,0,0,0
06-03-2020,Hospitalised,60+,Syddanmark,0,0,0
06-03-2020,Hospitalised,0-59,Hovedstaden,0,2,1
06-03-2020,Hospitalised,60+,Zealand,0,0,0
07-03-2020,Hospitalised,0-59,Nordjylland,0,0,0
07-03-2020,Hospitalised,60+,Nordjylland,0,0,0
07-03-2020,Hospitalised,0-59,Midtjylland,0,0,0
07-03-2020,Hospitalised,60+,Midtjylland,0,0,0
07-03-2020,Hospitalised,0-59,Syddanmark,0,0,0
07-03-2020,Hospitalised,60+,Syddanmark,0,0,0
07-03-2020,Hospitalised,0-59,Hovedstaden,0,2,1
07-03-2020,Hospitalised,60+,Hovedstaden,0,4,4
07-03-2020,Hospitalised,0-59,Zealand,0,1,1
07-03-2020,Hospitalised,60+,Zealand,0,0,0
08-03-2020,Hospitalised,0-59,Syddanmark,1,1,1
08-03-2020,Hospitalised,0-59,Hovedstaden,3,5,4
08-03-2020,Hospitalised,0-59,Zealand,0,1,0
08-03-2020,Hospitalised,60+,Zealand,1,1,1
08-03-2020,Hospitalised,0-59,Nordjylland,0,0,0
08-03-2020,Hospitalised,60+,Nordjylland,0,0,0
08-03-2020,Hospitalised,0-59,Midtjylland,0,0,0
08-03-2020,Hospitalised,60+,Midtjylland,0,0,0
08-03-2020,Hospitalised,60+,Syddanmark,0,0,0
08-03-2020,Hospitalised,60+,Hovedstaden,0,4,4
09-03-2020,Hospitalised,0-59,Hovedstaden,2,7,6
09-03-2020,Hospitalised,60+,Hovedstaden,3,7,7
09-03-2020,Hospitalised,0-59,Zealand,6,7,6
09-03-2020,Hospitalised,60+,Zealand,1,2,2
09-03-2020,Hospitalised,0-59,Nordjylland,0,0,0
09-03-2020,Hospitalised,60+,Nordjylland,0,0,0
09-03-2020,Hospitalised,0-59,Midtjylland,0,0,0
09-03-2020,Hospitalised,60+,Midtjylland,0,0,0
09-03-2020,Hospitalised,0-59,Syddanmark,0,1,1
09-03-2020,Hospitalised,60+,Syddanmark,0,0,0
10-03-2020,Hospitalised,0-59,Midtjylland,3,3,3
10-03-2020,Hospitalised,60+,Midtjylland,1,1,1
10-03-2020,Hospitalised,0-59,Syddanmark,1,2,2
10-03-2020,Hospitalised,0-59,Hovedstaden,4,11,9
10-03-2020,Hospitalised,60+,Hovedstaden,4,11,11
10-03-2020,Hospitalised,0-59,Zealand,3,10,9
10-03-2020,Hospitalised,0-59,Nordjylland,0,0,0
10-03-2020,Hospitalised,60+,Nordjylland,0,0,0
10-03-2020,Hospitalised,60+,Syddanmark,0,0,0
10-03-2020,Hospitalised,60+,Zealand,0,2,2
11-03-2020,Hospitalised,60+,Nordjylland,2,2,2
11-03-2020,Hospitalised,0-59,Hovedstaden,2,13,11
11-03-2020,Hospitalised,60+,Hovedstaden,3,14,13
11-03-2020,Hospitalised,0-59,Zealand,4,14,7
11-03-2020,Hospitalised,0-59,Nordjylland,0,0,0
11-03-2020,Hospitalised,0-59,Midtjylland,0,3,3
11-03-2020,Hospitalised,60+,Midtjylland,0,1,1
11-03-2020,Hospitalised,0-59,Syddanmark,0,2,2
11-03-2020,Hospitalised,60+,Syddanmark,0,0,0
11-03-2020,Hospitalised,60+,Zealand,0,2,2
12-03-2020,Hospitalised,60+,Nordjylland,1,3,3
12-03-2020,Hospitalised,0-59,Midtjylland,5,8,6
12-03-2020,Hospitalised,60+,Midtjylland,1,2,2
12-03-2020,Hospitalised,0-59,Syddanmark,1,3,2
12-03-2020,Hospitalised,0-59,Hovedstaden,0,13,9
12-03-2020,Hospitalised,60+,Hovedstaden,2,16,15
12-03-2020,Hospitalised,0-59,Zealand,3,17,10
12-03-2020,Hospitalised,60+,Zealand,2,4,4
12-03-2020,Hospitalised,0-59,Nordjylland,0,0,0
12-03-2020,Hospitalised,60+,Syddanmark,0,0,0
13-03-2020,Hospitalised,0-59,Midtjylland,3,11,9
13-03-2020,Hospitalised,60+,Midtjylland,4,6,6
13-03-2020,Hospitalised,0-59,Syddanmark,1,4,3
13-03-2020,Hospitalised,60+,Syddanmark,2,2,2
13-03-2020,Hospitalised,0-59,Hovedstaden,4,17,10
13-03-2020,Hospitalised,60+,Hovedstaden,6,22,19
13-03-2020,Hospitalised,0-59,Zealand,2,19,10
13-03-2020,Hospitalised,60+,Zealand,1,5,5
13-03-2020,Hospitalised,0-59,Nordjylland,0,0,0
13-03-2020,Hospitalised,60+,Nordjylland,0,3,3
14-03-2020,Hospitalised,60+,Nordjylland,1,4,4
14-03-2020,Hospitalised,0-59,Midtjylland,2,13,6
14-03-2020,Hospitalised,60+,Midtjylland,1,7,6
14-03-2020,Hospitalised,0-59,Syddanmark,2,6,3
14-03-2020,Hospitalised,60+,Syddanmark,2,4,4
14-03-2020,Hospitalised,0-59,Hovedstaden,5,22,13
14-03-2020,Hospitalised,60+,Hovedstaden,4,26,23
14-03-2020,Hospitalised,0-59,Zealand,4,23,8
14-03-2020,Hospitalised,60+,Zealand,2,7,7
14-03-2020,Hospitalised,0-59,Nordjylland,0,0,0
15-03-2020,Hospitalised,0-59,Nordjylland,1,1,1
15-03-2020,Hospitalised,60+,Nordjylland,2,6,6
15-03-2020,Hospitalised,0-59,Midtjylland,2,15,7
15-03-2020,Hospitalised,60+,Midtjylland,2,9,6
15-03-2020,Hospitalised,60+,Syddanmark,1,5,5
15-03-2020,Hospitalised,0-59,Hovedstaden,5,27,17
15-03-2020,Hospitalised,60+,Hovedstaden,11,37,33
15-03-2020,Hospitalised,0-59,Zealand,1,24,7
15-03-2020,Hospitalised,60+,Zealand,4,11,11
15-03-2020,Hospitalised,0-59,Syddanmark,0,6,3
16-03-2020,Hospitalised,60+,Nordjylland,2,8,7
16-03-2020,Hospitalised,0-59,Midtjylland,1,16,5
16-03-2020,Hospitalised,60+,Midtjylland,2,11,8
16-03-2020,Hospitalised,0-59,Syddanmark,1,7,3
16-03-2020,Hospitalised,60+,Syddanmark,4,9,9
16-03-2020,Hospitalised,0-59,Hovedstaden,10,37,24
16-03-2020,Hospitalised,60+,Hovedstaden,9,46,40
16-03-2020,Hospitalised,0-59,Zealand,2,26,8
16-03-2020,Hospitalised,60+,Zealand,6,17,16
16-03-2020,Hospitalised,0-59,Nordjylland,0,1,1
17-03-2020,Hospitalised,0-59,Nordjylland,1,2,2
17-03-2020,Hospitalised,60+,Nordjylland,2,10,9
17-03-2020,Hospitalised,0-59,Midtjylland,2,18,6
17-03-2020,Hospitalised,60+,Midtjylland,4,15,12
17-03-2020,Hospitalised,0-59,Syddanmark,1,8,4
17-03-2020,Hospitalised,60+,Syddanmark,3,12,12
17-03-2020,Hospitalised,0-59,Hovedstaden,7,44,30
17-03-2020,Hospitalised,60+,Hovedstaden,17,63,54
17-03-2020,Hospitalised,0-59,Zealand,2,28,9
17-03-2020,Hospitalised,60+,Zealand,6,23,22
18-03-2020,Hospitalised,60+,Nordjylland,4,14,12
18-03-2020,Hospitalised,0-59,Midtjylland,1,19,4
18-03-2020,Hospitalised,60+,Midtjylland,3,18,15
18-03-2020,Hospitalised,0-59,Syddanmark,1,9,5
18-03-2020,Hospitalised,60+,Syddanmark,4,16,15
18-03-2020,Hospitalised,0-59,Hovedstaden,6,50,32
18-03-2020,Hospitalised,60+,Hovedstaden,14,77,63
18-03-2020,Hospitalised,0-59,Zealand,1,29,9
18-03-2020,Hospitalised,60+,Zealand,11,34,31
18-03-2020,Hospitalised,0-59,Nordjylland,0,2,2
19-03-2020,Hospitalised,0-59,Nordjylland,1,3,1
19-03-2020,Hospitalised,60+,Nordjylland,5,19,16
19-03-2020,Hospitalised,0-59,Midtjylland,3,22,6
19-03-2020,Hospitalised,60+,Midtjylland,1,19,16
19-03-2020,Hospitalised,0-59,Syddanmark,2,11,6
19-03-2020,Hospitalised,60+,Syddanmark,4,20,17
19-03-2020,Hospitalised,0-59,Hovedstaden,11,61,39
19-03-2020,Hospitalised,60+,Hovedstaden,18,95,72
19-03-2020,Hospitalised,0-59,Zealand,0,29,7
19-03-2020,Hospitalised,60+,Zealand,6,40,34
20-03-2020,Hospitalised,60+,Nordjylland,2,21,17
20-03-2020,Hospitalised,0-59,Midtjylland,1,23,7
20-03-2020,Hospitalised,60+,Midtjylland,4,23,19
20-03-2020,Hospitalised,0-59,Syddanmark,6,17,12
20-03-2020,Hospitalised,60+,Syddanmark,3,23,20
20-03-2020,Hospitalised,0-59,Hovedstaden,6,67,40
20-03-2020,Hospitalised,60+,Hovedstaden,27,122,94
20-03-2020,Hospitalised,0-59,Zealand,2,31,8
20-03-2020,Hospitalised,60+,Zealand,12,52,41
20-03-2020,Hospitalised,0-59,Nordjylland,0,3,1
21-03-2020,Hospitalised,60+,Nordjylland,2,23,17
21-03-2020,Hospitalised,0-59,Midtjylland,1,24,7
21-03-2020,Hospitalised,60+,Midtjylland,3,26,21
21-03-2020,Hospitalised,0-59,Syddanmark,2,19,13
21-03-2020,Hospitalised,60+,Syddanmark,2,25,20
21-03-2020,Hospitalised,0-59,Hovedstaden,6,73,46
21-03-2020,Hospitalised,60+,Hovedstaden,10,132,97
21-03-2020,Hospitalised,0-59,Zealand,4,35,11
21-03-2020,Hospitalised,60+,Zealand,6,58,43
21-03-2020,Hospitalised,0-59,Nordjylland,0,3,1
22-03-2020,Hospitalised,0-59,Nordjylland,1,4,2
22-03-2020,Hospitalised,60+,Nordjylland,1,24,17
22-03-2020,Hospitalised,0-59,Midtjylland,3,27,9
22-03-2020,Hospitalised,60+,Midtjylland,4,30,24
22-03-2020,Hospitalised,0-59,Syddanmark,1,20,11
22-03-2020,Hospitalised,60+,Syddanmark,1,26,20
22-03-2020,Hospitalised,0-59,Hovedstaden,6,79,49
22-03-2020,Hospitalised,60+,Hovedstaden,15,147,107
22-03-2020,Hospitalised,0-59,Zealand,0,35,10
22-03-2020,Hospitalised,60+,Zealand,6,64,46
23-03-2020,Hospitalised,60+,Nordjylland,5,29,20
23-03-2020,Hospitalised,0-59,Midtjylland,5,32,13
23-03-2020,Hospitalised,60+,Midtjylland,11,41,34
23-03-2020,Hospitalised,0-59,Syddanmark,4,24,14
23-03-2020,Hospitalised,60+,Syddanmark,6,32,23
23-03-2020,Hospitalised,0-59,Hovedstaden,10,89,55
23-03-2020,Hospitalised,60+,Hovedstaden,31,178,132
23-03-2020,Hospitalised,0-59,Zealand,2,37,9
23-03-2020,Hospitalised,60+,Zealand,9,73,52
23-03-2020,Hospitalised,0-59,Nordjylland,0,4,2
24-03-2020,Hospitalised,0-59,Nordjylland,3,7,5
24-03-2020,Hospitalised,60+,Nordjylland,6,35,25
24-03-2020,Hospitalised,0-59,Midtjylland,4,36,17
24-03-2020,Hospitalised,60+,Midtjylland,10,51,43
24-03-2020,Hospitalised,0-59,Syddanmark,4,28,17
24-03-2020,Hospitalised,60+,Syddanmark,9,41,32
24-03-2020,Hospitalised,0-59,Hovedstaden,6,95,56
24-03-2020,Hospitalised,60+,Hovedstaden,31,209,152
24-03-2020,Hospitalised,0-59,Zealand,1,38,10
24-03-2020,Hospitalised,60+,Zealand,8,81,57
25-03-2020,Hospitalised,0-59,Nordjylland,1,8,6
25-03-2020,Hospitalised,60+,Nordjylland,5,40,27
25-03-2020,Hospitalised,0-59,Midtjylland,5,41,22
25-03-2020,Hospitalised,60+,Midtjylland,7,58,46
25-03-2020,Hospitalised,0-59,Syddanmark,3,31,18
25-03-2020,Hospitalised,60+,Syddanmark,9,50,40
25-03-2020,Hospitalised,0-59,Hovedstaden,11,106,59
25-03-2020,Hospitalised,60+,Hovedstaden,29,238,171
25-03-2020,Hospitalised,0-59,Zealand,1,39,9
25-03-2020,Hospitalised,60+,Zealand,14,95,65
26-03-2020,Hospitalised,0-59,Nordjylland,1,9,6
26-03-2020,Hospitalised,60+,Nordjylland,4,44,30
26-03-2020,Hospitalised,0-59,Midtjylland,4,45,24
26-03-2020,Hospitalised,60+,Midtjylland,7,65,46
26-03-2020,Hospitalised,0-59,Syddanmark,6,37,23
26-03-2020,Hospitalised,60+,Syddanmark,6,56,43
26-03-2020,Hospitalised,0-59,Hovedstaden,12,118,56
26-03-2020,Hospitalised,60+,Hovedstaden,31,269,195
26-03-2020,Hospitalised,0-59,Zealand,6,45,13
26-03-2020,Hospitalised,60+,Zealand,6,101,65
27-03-2020,Hospitalised,0-59,Nordjylland,3,12,7
27-03-2020,Hospitalised,60+,Nordjylland,1,45,29
27-03-2020,Hospitalised,0-59,Midtjylland,5,50,24
27-03-2020,Hospitalised,60+,Midtjylland,6,71,50
27-03-2020,Hospitalised,0-59,Syddanmark,4,41,27
27-03-2020,Hospitalised,60+,Syddanmark,15,71,54
27-03-2020,Hospitalised,0-59,Hovedstaden,17,135,66
27-03-2020,Hospitalised,60+,Hovedstaden,19,288,198
27-03-2020,Hospitalised,0-59,Zealand,4,49,16
27-03-2020,Hospitalised,60+,Zealand,9,110,66
28-03-2020,Hospitalised,0-59,Nordjylland,0,12,6
28-03-2020,Hospitalised,60+,Nordjylland,5,50,30
28-03-2020,Hospitalised,0-59,Midtjylland,1,51,22
28-03-2020,Hospitalised,60+,Midtjylland,8,79,53
28-03-2020,Hospitalised,0-59,Syddanmark,7,48,27
28-03-2020,Hospitalised,60+,Syddanmark,9,80,61
28-03-2020,Hospitalised,0-59,Hovedstaden,11,146,69
28-03-2020,Hospitalised,60+,Hovedstaden,18,306,193
28-03-2020,Hospitalised,0-59,Zealand,4,53,17
28-03-2020,Hospitalised,60+,Zealand,16,126,77
29-03-2020,Hospitalised,0-59,Nordjylland,0,12,5
29-03-2020,Hospitalised,60+,Nordjylland,4,54,33
29-03-2020,Hospitalised,0-59,Midtjylland,1,52,18
29-03-2020,Hospitalised,60+,Midtjylland,3,82,52
29-03-2020,Hospitalised,60+,Syddanmark,8,88,68
29-03-2020,Hospitalised,0-59,Hovedstaden,5,151,68
29-03-2020,Hospitalised,60+,Hovedstaden,18,324,198
29-03-2020,Hospitalised,0-59,Zealand,3,56,16
29-03-2020,Hospitalised,60+,Zealand,4,130,75
29-03-2020,Hospitalised,0-59,Syddanmark,0,48,27
30-03-2020,Hospitalised,0-59,Nordjylland,1,13,5
30-03-2020,Hospitalised,0-59,Midtjylland,3,55,19
30-03-2020,Hospitalised,60+,Midtjylland,7,89,56
30-03-2020,Hospitalised,0-59,Syddanmark,2,50,24
30-03-2020,Hospitalised,60+,Syddanmark,1,89,64
30-03-2020,Hospitalised,0-59,Hovedstaden,13,164,75
30-03-2020,Hospitalised,60+,Hovedstaden,27,351,219
30-03-2020,Hospitalised,0-59,Zealand,2,58,16
30-03-2020,Hospitalised,60+,Zealand,10,140,78
30-03-2020,Hospitalised,60+,Nordjylland,0,54,33
31-03-2020,Hospitalised,0-59,Nordjylland,1,14,5
31-03-2020,Hospitalised,60+,Nordjylland,3,57,32
31-03-2020,Hospitalised,0-59,Midtjylland,4,59,21
31-03-2020,Hospitalised,60+,Midtjylland,3,92,56
31-03-2020,Hospitalised,0-59,Syddanmark,2,52,21
31-03-2020,Hospitalised,60+,Syddanmark,2,91,62
31-03-2020,Hospitalised,0-59,Hovedstaden,12,176,76
31-03-2020,Hospitalised,60+,Hovedstaden,16,367,210
31-03-2020,Hospitalised,0-59,Zealand,3,61,16
31-03-2020,Hospitalised,60+,Zealand,3,143,76
01-04-2020,Hospitalised,0-59,Nordjylland,2,16,6
01-04-2020,Hospitalised,60+,Nordjylland,3,60,32
01-04-2020,Hospitalised,0-59,Midtjylland,2,61,22
01-04-2020,Hospitalised,60+,Midtjylland,4,96,53
01-04-2020,Hospitalised,0-59,Syddanmark,3,55,24
01-04-2020,Hospitalised,60+,Syddanmark,8,99,67
01-04-2020,Hospitalised,0-59,Hovedstaden,5,181,74
01-04-2020,Hospitalised,60+,Hovedstaden,22,389,206
01-04-2020,Hospitalised,0-59,Zealand,2,63,16
01-04-2020,Hospitalised,60+,Zealand,5,148,73
02-04-2020,Hospitalised,0-59,Nordjylland,1,17,7
02-04-2020,Hospitalised,60+,Nordjylland,1,61,32
02-04-2020,Hospitalised,0-59,Midtjylland,2,63,21
02-04-2020,Hospitalised,60+,Midtjylland,5,101,56
02-04-2020,Hospitalised,0-59,Syddanmark,3,58,20
02-04-2020,Hospitalised,60+,Syddanmark,3,102,67
02-04-2020,Hospitalised,0-59,Hovedstaden,5,186,66
02-04-2020,Hospitalised,60+,Hovedstaden,23,412,200
02-04-2020,Hospitalised,0-59,Zealand,4,67,17
02-04-2020,Hospitalised,60+,Zealand,3,151,68
03-04-2020,Hospitalised,0-59,Nordjylland,6,23,12
03-04-2020,Hospitalised,60+,Nordjylland,4,65,34
03-04-2020,Hospitalised,0-59,Midtjylland,6,69,26
03-04-2020,Hospitalised,60+,Midtjylland,7,108,56
03-04-2020,Hospitalised,0-59,Syddanmark,2,60,20
03-04-2020,Hospitalised,60+,Syddanmark,6,108,68
03-04-2020,Hospitalised,0-59,Hovedstaden,9,195,67
03-04-2020,Hospitalised,60+,Hovedstaden,14,426,190
03-04-2020,Hospitalised,0-59,Zealand,2,69,19
03-04-2020,Hospitalised,60+,Zealand,4,155,64
04-04-2020,Hospitalised,0-59,Nordjylland,0,23,11
04-04-2020,Hospitalised,60+,Nordjylland,1,66,35
04-04-2020,Hospitalised,0-59,Midtjylland,0,69,21
04-04-2020,Hospitalised,60+,Midtjylland,6,114,59
04-04-2020,Hospitalised,0-59,Syddanmark,0,60,15
04-04-2020,Hospitalised,60+,Syddanmark,0,108,64
04-04-2020,Hospitalised,0-59,Hovedstaden,4,199,66
04-04-2020,Hospitalised,60+,Hovedstaden,15,441,173
04-04-2020,Hospitalised,0-59,Zealand,1,70,16
04-04-2020,Hospitalised,60+,Zealand,4,159,61
05-04-2020,Hospitalised,0-59,Nordjylland,0,23,7
05-04-2020,Hospitalised,60+,Nordjylland,0,66,31
05-04-2020,Hospitalised,0-59,Midtjylland,0,69,18
05-04-2020,Hospitalised,60+,Midtjylland,3,117,55
05-04-2020,Hospitalised,0-59,Syddanmark,2,62,16
05-04-2020,Hospitalised,60+,Syddanmark,1,109,61
05-04-2020,Hospitalised,0-59,Hovedstaden,6,205,58
05-04-2020,Hospitalised,60+,Hovedstaden,10,451,176
05-04-2020,Hospitalised,0-59,Zealand,4,74,20
05-04-2020,Hospitalised,60+,Zealand,1,160,57
06-04-2020,Hospitalised,0-59,Nordjylland,1,24,8
06-04-2020,Hospitalised,0-59,Midtjylland,0,69,16
06-04-2020,Hospitalised,60+,Midtjylland,4,121,56
06-04-2020,Hospitalised,0-59,Syddanmark,2,64,16
06-04-2020,Hospitalised,60+,Syddanmark,6,115,63
06-04-2020,Hospitalised,0-59,Hovedstaden,12,217,62
06-04-2020,Hospitalised,60+,Hovedstaden,11,462,173
06-04-2020,Hospitalised,0-59,Zealand,4,78,22
06-04-2020,Hospitalised,60+,Zealand,6,166,59
06-04-2020,Hospitalised,60+,Nordjylland,0,66,31
07-04-2020,Hospitalised,60+,Nordjylland,0,66,27
07-04-2020,Hospitalised,0-59,Midtjylland,1,70,14
07-04-2020,Hospitalised,60+,Midtjylland,3,124,55
07-04-2020,Hospitalised,0-59,Syddanmark,1,65,14
07-04-2020,Hospitalised,60+,Syddanmark,6,121,61
07-04-2020,Hospitalised,0-59,Hovedstaden,5,222,55
07-04-2020,Hospitalised,60+,Hovedstaden,18,480,169
07-04-2020,Hospitalised,0-59,Zealand,1,79,20
07-04-2020,Hospitalised,60+,Zealand,3,169,56
07-04-2020,Hospitalised,0-59,Nordjylland,0,24,8
08-04-2020,Hospitalised,0-59,Nordjylland,0,24,7
08-04-2020,Hospitalised,60+,Nordjylland,1,67,27
08-04-2020,Hospitalised,0-59,Midtjylland,1,71,12
08-04-2020,Hospitalised,60+,Midtjylland,2,126,54
08-04-2020,Hospitalised,0-59,Syddanmark,1,66,11
08-04-2020,Hospitalised,60+,Syddanmark,3,124,56
08-04-2020,Hospitalised,0-59,Hovedstaden,5,227,54
08-04-2020,Hospitalised,60+,Hovedstaden,7,487,150
08-04-2020,Hospitalised,0-59,Zealand,3,82,21
08-04-2020,Hospitalised,60+,Zealand,1,170,51
09-04-2020,Hospitalised,0-59,Nordjylland,0,24,5
09-04-2020,Hospitalised,60+,Nordjylland,0,67,23
09-04-2020,Hospitalised,0-59,Midtjylland,2,73,13
09-04-2020,Hospitalised,60+,Midtjylland,3,129,52
09-04-2020,Hospitalised,0-59,Syddanmark,1,67,12
09-04-2020,Hospitalised,60+,Syddanmark,0,124,52
09-04-2020,Hospitalised,0-59,Hovedstaden,5,232,52
09-04-2020,Hospitalised,60+,Hovedstaden,13,500,141
09-04-2020,Hospitalised,0-59,Zealand,2,84,20
09-04-2020,Hospitalised,60+,Zealand,3,173,48
10-04-2020,Hospitalised,60+,Nordjylland,3,70,24
10-04-2020,Hospitalised,0-59,Midtjylland,0,73,11
10-04-2020,Hospitalised,60+,Midtjylland,3,132,51
10-04-2020,Hospitalised,0-59,Syddanmark,1,68,11
10-04-2020,Hospitalised,60+,Syddanmark,0,124,44
10-04-2020,Hospitalised,0-59,Hovedstaden,3,235,50
10-04-2020,Hospitalised,60+,Hovedstaden,11,511,138
10-04-2020,Hospitalised,0-59,Zealand,2,86,17
10-04-2020,Hospitalised,60+,Zealand,3,176,46
10-04-2020,Hospitalised,0-59,Nordjylland,0,24,5
11-04-2020,Hospitalised,0-59,Nordjylland,1,25,6
11-04-2020,Hospitalised,0-59,Midtjylland,1,74,9
11-04-2020,Hospitalised,60+,Midtjylland,1,133,51
11-04-2020,Hospitalised,0-59,Syddanmark,3,71,14
11-04-2020,Hospitalised,60+,Syddanmark,1,125,40
11-04-2020,Hospitalised,0-59,Hovedstaden,5,240,52
11-04-2020,Hospitalised,60+,Hovedstaden,7,518,131
11-04-2020,Hospitalised,0-59,Zealand,2,88,19
11-04-2020,Hospitalised,60+,Zealand,2,178,43
11-04-2020,Hospitalised,60+,Nordjylland,0,70,24
12-04-2020,Hospitalised,0-59,Nordjylland,1,26,7
12-04-2020,Hospitalised,60+,Nordjylland,0,70,23
12-04-2020,Hospitalised,0-59,Midtjylland,1,75,9
12-04-2020,Hospitalised,60+,Midtjylland,2,135,50
12-04-2020,Hospitalised,0-59,Syddanmark,0,71,12
12-04-2020,Hospitalised,60+,Syddanmark,3,128,41
12-04-2020,Hospitalised,0-59,Hovedstaden,2,242,48
12-04-2020,Hospitalised,60+,Hovedstaden,6,524,126
12-04-2020,Hospitalised,0-59,Zealand,2,90,17
12-04-2020,Hospitalised,60+,Zealand,4,182,44
13-04-2020,Hospitalised,0-59,Nordjylland,0,26,6
13-04-2020,Hospitalised,0-59,Midtjylland,1,76,9
13-04-2020,Hospitalised,60+,Midtjylland,2,137,48
13-04-2020,Hospitalised,0-59,Syddanmark,0,71,7
13-04-2020,Hospitalised,60+,Syddanmark,0,128,36
13-04-2020,Hospitalised,0-59,Hovedstaden,2,244,45
13-04-2020,Hospitalised,60+,Hovedstaden,10,534,126
13-04-2020,Hospitalised,0-59,Zealand,2,92,16
13-04-2020,Hospitalised,60+,Zealand,3,185,46
13-04-2020,Hospitalised,60+,Nordjylland,0,70,23
14-04-2020,Hospitalised,60+,Nordjylland,1,71,22
14-04-2020,Hospitalised,0-59,Midtjylland,2,78,6
14-04-2020,Hospitalised,60+,Midtjylland,4,141,49
14-04-2020,Hospitalised,0-59,Syddanmark,1,72,7
14-04-2020,Hospitalised,60+,Syddanmark,1,129,33
14-04-2020,Hospitalised,0-59,Hovedstaden,4,248,44
14-04-2020,Hospitalised,60+,Hovedstaden,14,548,131
14-04-2020,Hospitalised,0-59,Zealand,2,94,16
14-04-2020,Hospitalised,60+,Zealand,0,185,41
14-04-2020,Hospitalised,0-59,Nordjylland,0,26,6
15-04-2020,Hospitalised,0-59,Nordjylland,1,27,5
15-04-2020,Hospitalised,60+,Nordjylland,0,71,20
15-04-2020,Hospitalised,0-59,Midtjylland,1,79,5
15-04-2020,Hospitalised,60+,Midtjylland,3,144,47
15-04-2020,Hospitalised,0-59,Syddanmark,0,72,5
15-04-2020,Hospitalised,60+,Syddanmark,1,130,32
15-04-2020,Hospitalised,0-59,Hovedstaden,2,250,40
15-04-2020,Hospitalised,60+,Hovedstaden,7,555,121
15-04-2020,Hospitalised,0-59,Zealand,2,96,14
15-04-2020,Hospitalised,60+,Zealand,7,192,45
16-04-2020,Hospitalised,60+,Nordjylland,0,71,17
16-04-2020,Hospitalised,0-59,Midtjylland,3,82,8
16-04-2020,Hospitalised,60+,Midtjylland,4,148,45
16-04-2020,Hospitalised,60+,Syddanmark,1,131,28
16-04-2020,Hospitalised,0-59,Hovedstaden,5,255,41
16-04-2020,Hospitalised,60+,Hovedstaden,8,563,113
16-04-2020,Hospitalised,0-59,Zealand,2,98,12
16-04-2020,Hospitalised,60+,Zealand,3,195,45
16-04-2020,Hospitalised,0-59,Nordjylland,0,27,5
16-04-2020,Hospitalised,0-59,Syddanmark,0,72,5
17-04-2020,Hospitalised,60+,Nordjylland,0,71,16
17-04-2020,Hospitalised,0-59,Midtjylland,1,83,7
17-04-2020,Hospitalised,60+,Midtjylland,1,149,43
17-04-2020,Hospitalised,0-59,Syddanmark,0,72,4
17-04-2020,Hospitalised,60+,Syddanmark,2,133,28
17-04-2020,Hospitalised,0-59,Hovedstaden,6,261,44
17-04-2020,Hospitalised,60+,Hovedstaden,5,568,108
17-04-2020,Hospitalised,0-59,Zealand,2,100,12
17-04-2020,Hospitalised,60+,Zealand,5,200,44
17-04-2020,Hospitalised,0-59,Nordjylland,0,27,5
18-04-2020,Hospitalised,60+,Nordjylland,0,71,15
18-04-2020,Hospitalised,0-59,Midtjylland,0,83,5
18-04-2020,Hospitalised,60+,Midtjylland,2,151,40
18-04-2020,Hospitalised,60+,Syddanmark,1,134,26
18-04-2020,Hospitalised,0-59,Hovedstaden,3,264,40
18-04-2020,Hospitalised,60+,Hovedstaden,7,575,101
18-04-2020,Hospitalised,0-59,Zealand,3,103,13
18-04-2020,Hospitalised,60+,Zealand,4,204,40
18-04-2020,Hospitalised,0-59,Nordjylland,0,27,5
18-04-2020,Hospitalised,0-59,Syddanmark,0,72,4
19-04-2020,Hospitalised,60+,Nordjylland,0,71,14
19-04-2020,Hospitalised,0-59,Midtjylland,2,85,6
19-04-2020,Hospitalised,60+,Midtjylland,2,153,39
19-04-2020,Hospitalised,0-59,Hovedstaden,2,266,40
19-04-2020,Hospitalised,60+,Hovedstaden,12,587,106
19-04-2020,Hospitalised,0-59,Zealand,1,104,13
19-04-2020,Hospitalised,60+,Zealand,5,209,44
19-04-2020,Hospitalised,0-59,Nordjylland,0,27,5
19-04-2020,Hospitalised,0-59,Syddanmark,0,72,4
19-04-2020,Hospitalised,60+,Syddanmark,0,134,26
20-04-2020,Hospitalised,60+,Nordjylland,0,71,12
20-04-2020,Hospitalised,0-59,Midtjylland,2,87,7
20-04-2020,Hospitalised,60+,Midtjylland,1,154,38
20-04-2020,Hospitalised,0-59,Syddanmark,1,73,4
20-04-2020,Hospitalised,60+,Syddanmark,1,135,26
20-04-2020,Hospitalised,0-59,Hovedstaden,4,270,40
20-04-2020,Hospitalised,60+,Hovedstaden,12,599,114
20-04-2020,Hospitalised,0-59,Zealand,0,104,11
20-04-2020,Hospitalised,60+,Zealand,4,213,46
20-04-2020,Hospitalised,0-59,Nordjylland,0,27,5
21-04-2020,Hospitalised,0-59,Nordjylland,0,27,4
21-04-2020,Hospitalised,60+,Nordjylland,0,71,11
21-04-2020,Hospitalised,0-59,Midtjylland,1,88,6
21-04-2020,Hospitalised,60+,Midtjylland,3,157,41
21-04-2020,Hospitalised,60+,Syddanmark,2,137,24
21-04-2020,Hospitalised,0-59,Hovedstaden,3,273,38
21-04-2020,Hospitalised,60+,Hovedstaden,10,609,116
21-04-2020,Hospitalised,0-59,Zealand,2,106,9
21-04-2020,Hospitalised,60+,Zealand,3,216,45
21-04-2020,Hospitalised,0-59,Syddanmark,0,73,4
22-04-2020,Hospitalised,0-59,Midtjylland,0,88,5
22-04-2020,Hospitalised,60+,Midtjylland,2,159,41
22-04-2020,Hospitalised,60+,Syddanmark,3,140,23
22-04-2020,Hospitalised,0-59,Hovedstaden,3,276,31
22-04-2020,Hospitalised,60+,Hovedstaden,7,616,114
22-04-2020,Hospitalised,0-59,Zealand,3,109,11
22-04-2020,Hospitalised,60+,Zealand,2,218,42
22-04-2020,Hospitalised,0-59,Nordjylland,0,27,4
22-04-2020,Hospitalised,60+,Nordjylland,0,71,11
22-04-2020,Hospitalised,0-59,Syddanmark,0,73,4
23-04-2020,Hospitalised,0-59,Midtjylland,0,88,4
23-04-2020,Hospitalised,60+,Midtjylland,4,163,42
23-04-2020,Hospitalised,60+,Syddanmark,1,141,21
23-04-2020,Hospitalised,0-59,Hovedstaden,3,279,29
23-04-2020,Hospitalised,60+,Hovedstaden,8,624,107
23-04-2020,Hospitalised,0-59,Zealand,2,111,10
23-04-2020,Hospitalised,60+,Zealand,3,221,39
23-04-2020,Hospitalised,0-59,Nordjylland,0,27,4
23-04-2020,Hospitalised,60+,Nordjylland,0,71,11
23-04-2020,Hospitalised,0-59,Syddanmark,0,73,4
24-04-2020,Hospitalised,60+,Nordjylland,1,72,12
24-04-2020,Hospitalised,60+,Midtjylland,2,165,40
24-04-2020,Hospitalised,60+,Syddanmark,1,142,20
24-04-2020,Hospitalised,0-59,Hovedstaden,3,282,29
24-04-2020,Hospitalised,60+,Hovedstaden,4,628,106
24-04-2020,Hospitalised,0-59,Zealand,1,112,8
24-04-2020,Hospitalised,60+,Zealand,6,227,42
24-04-2020,Hospitalised,0-59,Nordjylland,0,27,4
24-04-2020,Hospitalised,0-59,Midtjylland,0,88,4
24-04-2020,Hospitalised,0-59,Syddanmark,0,73,4
25-04-2020,Hospitalised,0-59,Nordjylland,0,27,3
25-04-2020,Hospitalised,60+,Nordjylland,1,73,11
25-04-2020,Hospitalised,60+,Midtjylland,1,166,35
25-04-2020,Hospitalised,0-59,Hovedstaden,4,286,29
25-04-2020,Hospitalised,60+,Hovedstaden,11,639,96
25-04-2020,Hospitalised,0-59,Zealand,1,113,7
25-04-2020,Hospitalised,60+,Zealand,2,229,38
25-04-2020,Hospitalised,0-59,Midtjylland,0,88,4
25-04-2020,Hospitalised,0-59,Syddanmark,0,73,4
25-04-2020,Hospitalised,60+,Syddanmark,0,142,20
26-04-2020,Hospitalised,60+,Midtjylland,2,168,36
26-04-2020,Hospitalised,0-59,Syddanmark,1,74,5
26-04-2020,Hospitalised,60+,Syddanmark,0,142,17
26-04-2020,Hospitalised,0-59,Hovedstaden,6,292,32
26-04-2020,Hospitalised,60+,Hovedstaden,10,649,96
26-04-2020,Hospitalised,0-59,Zealand,1,114,8
26-04-2020,Hospitalised,60+,Zealand,2,231,37
26-04-2020,Hospitalised,0-59,Nordjylland,0,27,3
26-04-2020,Hospitalised,60+,Nordjylland,0,73,11
26-04-2020,Hospitalised,0-59,Midtjylland,0,88,4
27-04-2020,Hospitalised,60+,Nordjylland,0,73,10
27-04-2020,Hospitalised,60+,Midtjylland,1,169,36
27-04-2020,Hospitalised,0-59,Syddanmark,0,74,4
27-04-2020,Hospitalised,60+,Syddanmark,1,143,18
27-04-2020,Hospitalised,0-59,Hovedstaden,1,293,29
27-04-2020,Hospitalised,60+,Hovedstaden,5,654,98
27-04-2020,Hospitalised,0-59,Zealand,4,118,12
27-04-2020,Hospitalised,60+,Zealand,5,236,39
27-04-2020,Hospitalised,0-59,Nordjylland,0,27,3
27-04-2020,Hospitalised,0-59,Midtjylland,0,88,4
28-04-2020,Hospitalised,60+,Nordjylland,0,73,9
28-04-2020,Hospitalised,0-59,Midtjylland,0,88,3
28-04-2020,Hospitalised,60+,Midtjylland,1,170,32
28-04-2020,Hospitalised,60+,Syddanmark,1,144,16
28-04-2020,Hospitalised,0-59,Hovedstaden,5,298,31
28-04-2020,Hospitalised,60+,Hovedstaden,4,658,93
28-04-2020,Hospitalised,0-59,Zealand,1,119,11
28-04-2020,Hospitalised,60+,Zealand,0,236,35
28-04-2020,Hospitalised,0-59,Nordjylland,0,27,3
28-04-2020,Hospitalised,0-59,Syddanmark,0,74,4
29-04-2020,Hospitalised,60+,Nordjylland,1,74,10
29-04-2020,Hospitalised,60+,Midtjylland,1,171,31
29-04-2020,Hospitalised,0-59,Syddanmark,0,74,3
29-04-2020,Hospitalised,60+,Syddanmark,0,144,12
29-04-2020,Hospitalised,0-59,Hovedstaden,1,299,28
29-04-2020,Hospitalised,60+,Hovedstaden,6,664,87
29-04-2020,Hospitalised,0-59,Zealand,0,119,9
29-04-2020,Hospitalised,60+,Zealand,3,239,35
29-04-2020,Hospitalised,0-59,Nordjylland,0,27,3
29-04-2020,Hospitalised,0-59,Midtjylland,0,88,3
30-04-2020,Hospitalised,0-59,Midtjylland,1,89,4
30-04-2020,Hospitalised,60+,Midtjylland,0,171,27
30-04-2020,Hospitalised,0-59,Syddanmark,0,74,2
30-04-2020,Hospitalised,60+,Syddanmark,0,144,11
30-04-2020,Hospitalised,0-59,Hovedstaden,3,302,28
30-04-2020,Hospitalised,60+,Hovedstaden,7,671,83
30-04-2020,Hospitalised,0-59,Zealand,0,119,8
30-04-2020,Hospitalised,60+,Zealand,3,242,35
30-04-2020,Hospitalised,0-59,Nordjylland,0,27,3
30-04-2020,Hospitalised,60+,Nordjylland,0,74,10
01-05-2020,Hospitalised,0-59,Midtjylland,1,90,5
01-05-2020,Hospitalised,60+,Midtjylland,0,171,24
01-05-2020,Hospitalised,60+,Syddanmark,1,145,12
01-05-2020,Hospitalised,0-59,Hovedstaden,2,304,25
01-05-2020,Hospitalised,60+,Hovedstaden,3,674,78
01-05-2020,Hospitalised,0-59,Zealand,0,119,7
01-05-2020,Hospitalised,60+,Zealand,5,247,35
01-05-2020,Hospitalised,0-59,Nordjylland,0,27,3
01-05-2020,Hospitalised,60+,Nordjylland,0,74,10
01-05-2020,Hospitalised,0-59,Syddanmark,0,74,2
02-05-2020,Hospitalised,0-59,Midtjylland,2,92,5
02-05-2020,Hospitalised,60+,Midtjylland,3,174,22
02-05-2020,Hospitalised,60+,Syddanmark,0,145,11
02-05-2020,Hospitalised,0-59,Hovedstaden,4,308,28
02-05-2020,Hospitalised,60+,Hovedstaden,10,684,77
02-05-2020,Hospitalised,0-59,Zealand,0,119,6
02-05-2020,Hospitalised,60+,Zealand,5,252,34
02-05-2020,Hospitalised,0-59,Nordjylland,0,27,3
02-05-2020,Hospitalised,60+,Nordjylland,0,74,10
02-05-2020,Hospitalised,0-59,Syddanmark,0,74,2
03-05-2020,Hospitalised,60+,Nordjylland,0,74,9
03-05-2020,Hospitalised,0-59,Midtjylland,0,92,3
03-05-2020,Hospitalised,0-59,Syddanmark,0,74,1
03-05-2020,Hospitalised,0-59,Hovedstaden,1,309,27
03-05-2020,Hospitalised,60+,Hovedstaden,9,693,80
03-05-2020,Hospitalised,0-59,Zealand,1,120,7
03-05-2020,Hospitalised,60+,Zealand,2,254,36
03-05-2020,Hospitalised,0-59,Nordjylland,0,27,3
03-05-2020,Hospitalised,60+,Midtjylland,0,174,22
03-05-2020,Hospitalised,60+,Syddanmark,0,145,11
04-05-2020,Hospitalised,0-59,Midtjylland,1,93,3
04-05-2020,Hospitalised,60+,Midtjylland,2,176,22
04-05-2020,Hospitalised,0-59,Hovedstaden,2,311,27
04-05-2020,Hospitalised,60+,Hovedstaden,5,698,81
04-05-2020,Hospitalised,0-59,Zealand,1,121,8
04-05-2020,Hospitalised,60+,Zealand,2,256,35
04-05-2020,Hospitalised,0-59,Nordjylland,0,27,3
04-05-2020,Hospitalised,60+,Nordjylland,0,74,9
04-05-2020,Hospitalised,0-59,Syddanmark,0,74,1
04-05-2020,Hospitalised,60+,Syddanmark,0,145,11
05-05-2020,Hospitalised,60+,Nordjylland,0,74,8
05-05-2020,Hospitalised,0-59,Midtjylland,0,93,2
05-05-2020,Hospitalised,60+,Midtjylland,0,176,21
05-05-2020,Hospitalised,60+,Syddanmark,0,145,10
05-05-2020,Hospitalised,0-59,Hovedstaden,1,312,27
05-05-2020,Hospitalised,60+,Hovedstaden,4,702,74
05-05-2020,Hospitalised,0-59,Zealand,1,122,8
05-05-2020,Hospitalised,60+,Zealand,4,260,35
05-05-2020,Hospitalised,0-59,Nordjylland,0,27,3
05-05-2020,Hospitalised,0-59,Syddanmark,0,74,1
06-05-2020,Hospitalised,60+,Nordjylland,0,74,7
06-05-2020,Hospitalised,0-59,Midtjylland,0,93,1
06-05-2020,Hospitalised,60+,Midtjylland,0,176,19
06-05-2020,Hospitalised,60+,Syddanmark,0,145,9
06-05-2020,Hospitalised,0-59,Hovedstaden,4,316,29
06-05-2020,Hospitalised,60+,Hovedstaden,2,704,69
06-05-2020,Hospitalised,60+,Zealand,1,261,30
06-05-2020,Hospitalised,0-59,Nordjylland,0,27,3
06-05-2020,Hospitalised,0-59,Syddanmark,0,74,1
06-05-2020,Hospitalised,0-59,Zealand,0,122,8
07-05-2020,Hospitalised,60+,Midtjylland,1,177,18
07-05-2020,Hospitalised,60+,Syddanmark,0,145,8
07-05-2020,Hospitalised,0-59,Hovedstaden,5,321,29
07-05-2020,Hospitalised,60+,Hovedstaden,5,709,69
07-05-2020,Hospitalised,0-59,Zealand,0,122,6
07-05-2020,Hospitalised,60+,Zealand,4,265,31
07-05-2020,Hospitalised,0-59,Nordjylland,0,27,3
07-05-2020,Hospitalised,60+,Nordjylland,0,74,7
07-05-2020,Hospitalised,0-59,Midtjylland,0,93,1
07-05-2020,Hospitalised,0-59,Syddanmark,0,74,1
08-05-2020,Hospitalised,60+,Nordjylland,0,74,6
08-05-2020,Hospitalised,60+,Midtjylland,0,177,17
08-05-2020,Hospitalised,0-59,Syddanmark,1,75,2
08-05-2020,Hospitalised,0-59,Hovedstaden,1,322,27
08-05-2020,Hospitalised,60+,Hovedstaden,5,714,67
08-05-2020,Hospitalised,0-59,Zealand,2,124,8
08-05-2020,Hospitalised,60+,Zealand,0,265,29
08-05-2020,Hospitalised,0-59,Nordjylland,0,27,3
08-05-2020,Hospitalised,0-59,Midtjylland,0,93,1
08-05-2020,Hospitalised,60+,Syddanmark,0,145,8
09-05-2020,Hospitalised,0-59,Midtjylland,2,95,3
09-05-2020,Hospitalised,60+,Midtjylland,0,177,15
09-05-2020,Hospitalised,60+,Syddanmark,0,145,6
09-05-2020,Hospitalised,0-59,Hovedstaden,1,323,26
09-05-2020,Hospitalised,60+,Hovedstaden,2,716,61
09-05-2020,Hospitalised,0-59,Zealand,1,125,9
09-05-2020,Hospitalised,60+,Zealand,2,267,27
09-05-2020,Hospitalised,0-59,Nordjylland,0,27,3
09-05-2020,Hospitalised,60+,Nordjylland,0,74,6
09-05-2020,Hospitalised,0-59,Syddanmark,0,75,2
10-05-2020,Hospitalised,60+,Midtjylland,0,177,12
10-05-2020,Hospitalised,0-59,Hovedstaden,0,323,25
10-05-2020,Hospitalised,60+,Hovedstaden,4,720,61
10-05-2020,Hospitalised,0-59,Zealand,0,125,8
10-05-2020,Hospitalised,60+,Zealand,2,269,27
10-05-2020,Hospitalised,0-59,Nordjylland,0,27,3
10-05-2020,Hospitalised,60+,Nordjylland,0,74,6
10-05-2020,Hospitalised,0-59,Midtjylland,0,95,3
10-05-2020,Hospitalised,0-59,Syddanmark,0,75,2
10-05-2020,Hospitalised,60+,Syddanmark,0,145,6
11-05-2020,Hospitalised,0-59,Midtjylland,0,95,2
11-05-2020,Hospitalised,60+,Midtjylland,0,177,11
11-05-2020,Hospitalised,0-59,Hovedstaden,2,325,26
11-05-2020,Hospitalised,60+,Hovedstaden,3,723,61
11-05-2020,Hospitalised,60+,Zealand,0,269,25
11-05-2020,Hospitalised,0-59,Nordjylland,0,27,3
11-05-2020,Hospitalised,60+,Nordjylland,0,74,6
11-05-2020,Hospitalised,0-59,Syddanmark,0,75,2
11-05-2020,Hospitalised,60+,Syddanmark,0,145,6
11-05-2020,Hospitalised,0-59,Zealand,0,125,8
12-05-2020,Hospitalised,60+,Midtjylland,1,178,10
12-05-2020,Hospitalised,0-59,Hovedstaden,2,327,23
12-05-2020,Hospitalised,60+,Hovedstaden,3,726,53
12-05-2020,Hospitalised,0-59,Zealand,0,125,7
12-05-2020,Hospitalised,60+,Zealand,0,269,21
12-05-2020,Hospitalised,0-59,Nordjylland,0,27,3
12-05-2020,Hospitalised,60+,Nordjylland,0,74,6
12-05-2020,Hospitalised,0-59,Midtjylland,0,95,2
12-05-2020,Hospitalised,0-59,Syddanmark,0,75,2
12-05-2020,Hospitalised,60+,Syddanmark,0,145,6
13-05-2020,Hospitalised,0-59,Nordjylland,0,27,2
13-05-2020,Hospitalised,60+,Midtjylland,0,178,8
13-05-2020,Hospitalised,0-59,Hovedstaden,0,327,20
13-05-2020,Hospitalised,60+,Hovedstaden,3,729,48
13-05-2020,Hospitalised,0-59,Zealand,3,128,9
13-05-2020,Hospitalised,60+,Zealand,0,269,20
13-05-2020,Hospitalised,60+,Nordjylland,0,74,6
13-05-2020,Hospitalised,0-59,Midtjylland,0,95,2
13-05-2020,Hospitalised,0-59,Syddanmark,0,75,2
13-05-2020,Hospitalised,60+,Syddanmark,0,145,6
14-05-2020,Hospitalised,0-59,Nordjylland,0,27,1
14-05-2020,Hospitalised,60+,Midtjylland,0,178,7
14-05-2020,Hospitalised,0-59,Syddanmark,1,76,3
14-05-2020,Hospitalised,60+,Syddanmark,2,147,8
14-05-2020,Hospitalised,0-59,Hovedstaden,5,332,20
14-05-2020,Hospitalised,60+,Hovedstaden,4,733,45
14-05-2020,Hospitalised,0-59,Zealand,0,128,8
14-05-2020,Hospitalised,60+,Zealand,1,270,20
14-05-2020,Hospitalised,60+,Nordjylland,0,74,6
14-05-2020,Hospitalised,0-59,Midtjylland,0,95,2
15-05-2020,Hospitalised,0-59,Midtjylland,0,95,1
15-05-2020,Hospitalised,60+,Midtjylland,0,178,6
15-05-2020,Hospitalised,0-59,Syddanmark,2,78,5
15-05-2020,Hospitalised,60+,Syddanmark,2,149,10
15-05-2020,Hospitalised,0-59,Hovedstaden,1,333,19
15-05-2020,Hospitalised,60+,Hovedstaden,3,736,44
15-05-2020,Hospitalised,0-59,Zealand,0,128,7
15-05-2020,Hospitalised,60+,Zealand,3,273,20
15-05-2020,Hospitalised,0-59,Nordjylland,0,27,1
15-05-2020,Hospitalised,60+,Nordjylland,0,74,6
16-05-2020,Hospitalised,60+,Midtjylland,1,179,6
16-05-2020,Hospitalised,60+,Syddanmark,1,150,8
16-05-2020,Hospitalised,0-59,Hovedstaden,1,334,15
16-05-2020,Hospitalised,60+,Hovedstaden,0,736,39
16-05-2020,Hospitalised,0-59,Zealand,0,128,6
16-05-2020,Hospitalised,60+,Zealand,0,273,17
16-05-2020,Hospitalised,0-59,Nordjylland,0,27,1
16-05-2020,Hospitalised,60+,Nordjylland,0,74,6
16-05-2020,Hospitalised,0-59,Midtjylland,0,95,1
16-05-2020,Hospitalised,0-59,Syddanmark,0,78,5
